{
  "foodlist": [
    {
      "id": 1,
      "name": "Vegetarian Chilli",
      "strArea": "France",
      "strTags": "Chilli/ Vegetarian",
      "photo_url": "https://ak1.picdn.net/shutterstock/videos/19498861/thumb/1.jpg"
    },
    {
      "id": 2,
      "name": "Italian Food",
      "strArea": "Italian",
      "strTags": "Italian,Vegetarian",
      "photo_url": "https://images.unsplash.com/photo-1533777324565-a040eb52facd?ixlib=rb-1.2.1&ixid=eyJhcHBfaWQiOjEyMDd9&w=1000&q=80"
    },
    {
      "id": 3,
      "name": "Cookies",
      "strArea": "American",
      "strTags": "Cookies,Vegetarian",
      "photo_url": "https://www.telegraph.co.uk/content/dam/Travel/2019/January/france-food.jpg?imwidth=1400"
    },
    {
      "id": 4,
      "name": "Smoothies",
      "strArea": "British",
      "strTags": "Smoothies,Vegetarian",
      "photo_url": "https://hips.hearstapps.com/hmg-prod.s3.amazonaws.com/images/still-life-of-three-fresh-smoothies-in-front-of-royalty-free-image-561093647-1544042068.jpg?crop=0.715xw:0.534xh;0.0945xw,0.451xh&resize=768:*"
    },
    {
      "id": 5,
      "name": "Pizza",
      "strArea": "British",
      "strTags": "Pizza,Vegetarian",
      "photo_url": "https://cdn.pixabay.com/photo/2020/03/21/02/26/pizza-4952509_960_720.jpg"
    },
    {
      "id": 6,
      "name": "Basmati Rice",
      "strArea": "Indian",
      "strTags": "Basmati,Vegetarian",
      "photo_url": "https://www.authenticroyal.com/wp-content/uploads/2016/11/Basmati_Square.jpg"
    }
  ],
  "foodItemDetails": [
    {
      "id": "1",
      "strMeal": "Vegetarian Chilli",
      "strDrinkAlternate": null,
      "strCategory": "Vegetarian",
      "strArea": "France",
      "strInstructions": "Heat oven to 200C\/180C fan\/ gas 6. Cook the vegetables in a casserole dish for 15 mins. Tip in the beans and tomatoes, season, and cook for another 10-15 mins until piping hot. Heat the pouch in the microwave on High for 1 min and serve with the chilli.",
      "strMealThumb": "https:\/\/www.themealdb.com\/images\/media\/meals\/wqurxy1511453156.jpg",
      "strTags": "Chilli",
      "strYoutube": "https:\/\/www.youtube.com\/watch?v=D0bFRVH_EqU",
      "ingredients": [
        {
          "strIngredient": "Rapeseed Oil",
          "strMeasure": "1"
        },
        {
          "strIngredient": "Onion",
          "strMeasure": "1"
        },
        {
          "strIngredient": "Garlic",
          "strMeasure": "3 cloves"
        },
        {
          "strIngredient": "Paprika",
          "strMeasure": "1 tsp"
        },
        {
          "strIngredient": "Cumin",
          "strMeasure": "3 Medium"
        },
        {
          "strIngredient": "Thyme",
          "strMeasure": "3 Medium"
        },
        {
          "strIngredient": "Carrots",
          "strMeasure": "1"
        },
        {
          "strIngredient": "Celery",
          "strMeasure": "2 small stalks"
        },
        {
          "strIngredient": "Red Pepper",
          "strMeasure": "1"
        },
        {
          "strIngredient": "Yellow Pepper",
          "strMeasure": "1"
        },
        {
          "strIngredient": "Tomato",
          "strMeasure": "2 sliced"
        },
        {
          "strIngredient": "Vegetable Stock Cube",
          "strMeasure": "2 x 400g tins"
        },
        {
          "strIngredient": "CourKidney Beansgettes",
          "strMeasure": "1"
        },
        {
          "strIngredient": "Roasted Vegetables",
          "strMeasure": "1"
        },
        {
          "strIngredient": "Mixed Grain",
          "strMeasure": "1"
        }
      ],
      "strSource": "https:\/\/www.bbcgoodfood.com\/recipes\/veggie-chilli",
      "strImageSource": null,
      "strCreativeCommonsConfirmed": null,
      "dateModified": null
    },
    {
      "id": "2",
      "strMeal": "Italian Food",
      "strDrinkAlternate": null,
      "strCategory": "Vegetarian",
      "strArea": "Italian",
      "strInstructions": "Heat the oil in a large, heavy-based pan. Add the onions and cook gently for 5 \u2013 10 mins until softened.\r\nAdd the garlic, spices, dried thyme, carrots, celery and peppers and cook for 5 minutes.\r\nAdd the tomatoes, stock, courgettes and fresh thyme and cook for 20 - 25 minutes.\r\nTake out the thyme sprigs. Stir in the lentils and bring back to a simmer. Serve with wild and white basmati rice, mash or quinoa.",
      "strMealThumb": "https:\/\/www.themealdb.com\/images\/media\/meals\/vptwyt1511450962.jpg",
      "strTags": "Casserole,Vegetarian",
      "strYoutube": "https:\/\/www.youtube.com\/watch?v=oHmKE9mWtWM",
      "ingredients": [
        {
          "strIngredient": "Rapeseed Oil",
          "strMeasure": "1"
        },
        {
          "strIngredient": "Onion",
          "strMeasure": "1"
        },
        {
          "strIngredient": "Garlic",
          "strMeasure": "3 cloves"
        },
        {
          "strIngredient": "Paprika",
          "strMeasure": "1 tsp"
        },
        {
          "strIngredient": "Cumin",
          "strMeasure": "3 Medium"
        },
        {
          "strIngredient": "Thyme",
          "strMeasure": "3 Medium"
        },
        {
          "strIngredient": "Carrots",
          "strMeasure": "1"
        },
        {
          "strIngredient": "Celery",
          "strMeasure": "2 small stalks"
        },
        {
          "strIngredient": "Red Pepper",
          "strMeasure": "1"
        },
        {
          "strIngredient": "Yellow Pepper",
          "strMeasure": "1"
        },
        {
          "strIngredient": "Tomato",
          "strMeasure": "2 sliced"
        },
        {
          "strIngredient": "Vegetable Stock Cube",
          "strMeasure": "2 x 400g tins"
        },
        {
          "strIngredient": "Courgettes",
          "strMeasure": "1"
        },
        {
          "strIngredient": "Thyme",
          "strMeasure": "1"
        },
        {
          "strIngredient": "Lentils",
          "strMeasure": "1"
        }
      ],
      "strSource": "https:\/\/www.bbcgoodfood.com\/recipes\/1993645\/vegetarian-casserole",
      "strImageSource": null,
      "strCreativeCommonsConfirmed": null,
      "dateModified": null
    },
    {
      "id": "3",
      "strMeal": "Cookies",
      "strDrinkAlternate": null,
      "strCategory": "Vegetarian",
      "strArea": "American",
      "strInstructions": "Heat the oil in a large, heavy-based pan. Add the onions and cook gently for 5 \u2013 10 mins until softened.\r\nAdd the garlic, spices, dried thyme, carrots, celery and peppers and cook for 5 minutes.\r\nAdd the tomatoes, stock, courgettes and fresh thyme and cook for 20 - 25 minutes.\r\nTake out the thyme sprigs. Stir in the lentils and bring back to a simmer. Serve with wild and white basmati rice, mash or quinoa.",
      "strMealThumb": "https:\/\/www.themealdb.com\/images\/media\/meals\/vptwyt1511450962.jpg",
      "strTags": "Cookies,Vegetarian",
      "strYoutube": "https:\/\/www.youtube.com\/watch?v=oHmKE9mWtWM",
      "ingredients": [
        {
          "strIngredient": "Rapeseed Oil",
          "strMeasure": "1"
        },
        {
          "strIngredient": "Onion",
          "strMeasure": "1"
        },
        {
          "strIngredient": "Garlic",
          "strMeasure": "3 cloves"
        },
        {
          "strIngredient": "Paprika",
          "strMeasure": "1 tsp"
        },
        {
          "strIngredient": "Cumin",
          "strMeasure": "3 Medium"
        },
        {
          "strIngredient": "Thyme",
          "strMeasure": "3 Medium"
        },
        {
          "strIngredient": "Carrots",
          "strMeasure": "1"
        },
        {
          "strIngredient": "Celery",
          "strMeasure": "2 small stalks"
        },
        {
          "strIngredient": "Red Pepper",
          "strMeasure": "1"
        },
        {
          "strIngredient": "Yellow Pepper",
          "strMeasure": "1"
        },
        {
          "strIngredient": "Tomato",
          "strMeasure": "2 sliced"
        },
        {
          "strIngredient": "Vegetable Stock Cube",
          "strMeasure": "2 x 400g tins"
        },
        {
          "strIngredient": "Courgettes",
          "strMeasure": "1"
        },
        {
          "strIngredient": "Thyme",
          "strMeasure": "1"
        },
        {
          "strIngredient": "Lentils",
          "strMeasure": "1"
        }
      ],
      "strSource": "https:\/\/www.bbcgoodfood.com\/recipes\/1993645\/vegetarian-casserole",
      "strImageSource": null,
      "strCreativeCommonsConfirmed": null,
      "dateModified": null
    },
    {
      "id": "4",
      "strMeal": "Smoothies",
      "strDrinkAlternate": null,
      "strCategory": "Vegetarian",
      "strArea": "British",
      "strInstructions": "Basmati is a variety of long, slender-grained aromatic rice which is traditionally from the Indian subcontinent. As of 2018-19, India exported to over 90% of the overseas basmati rice market, while Pakistan accounted for the remainder, according to the Indian state-run Agricultural and Processed Food Products Export Development Authority  and the Pakistan government-run Economic Survey of Pakistan. Many countries use domestically grown basmati rice crops; however, basmati is geographically exclusive to select districts of India, Pakistan, Nepal and Bangladesh.",
      "strMealThumb": "",
      "strTags": "Rice,Vegetarian",
      "strYoutube": "",
      "ingredients": [
        {
          "strIngredient": "Rapeseed Oil",
          "strMeasure": "1"
        },
        {
          "strIngredient": "Onion",
          "strMeasure": "1"
        },
        {
          "strIngredient": "Garlic",
          "strMeasure": "3 cloves"
        },
        {
          "strIngredient": "Paprika",
          "strMeasure": "1 tsp"
        },
        {
          "strIngredient": "Cumin",
          "strMeasure": "3 Medium"
        },
        {
          "strIngredient": "Thyme",
          "strMeasure": "3 Medium"
        },
        {
          "strIngredient": "Carrots",
          "strMeasure": "1"
        },
        {
          "strIngredient": "Celery",
          "strMeasure": "2 small stalks"
        },
        {
          "strIngredient": "Red Pepper",
          "strMeasure": "1"
        },
        {
          "strIngredient": "Yellow Pepper",
          "strMeasure": "1"
        },
        {
          "strIngredient": "Tomato",
          "strMeasure": "2 sliced"
        },
        {
          "strIngredient": "Vegetable Stock Cube",
          "strMeasure": "2 x 400g tins"
        },
        {
          "strIngredient": "Courgettes",
          "strMeasure": "1"
        },
        {
          "strIngredient": "Thyme",
          "strMeasure": "1"
        },
        {
          "strIngredient": "Lentils",
          "strMeasure": "1"
        }
      ]
    },
    {
      "id": "5",
      "strMeal": "Pizza",
      "strDrinkAlternate": null,
      "strCategory": "Vegetarian",
      "strArea": "British",
      "strInstructions": "Basmati is a variety of long, slender-grained aromatic rice which is traditionally from the Indian subcontinent. As of 2018-19, India exported to over 90% of the overseas basmati rice market, while Pakistan accounted for the remainder, according to the Indian state-run Agricultural and Processed Food Products Export Development Authority  and the Pakistan government-run Economic Survey of Pakistan. Many countries use domestically grown basmati rice crops; however, basmati is geographically exclusive to select districts of India, Pakistan, Nepal and Bangladesh.",
      "strMealThumb": "",
      "strTags": "Pizza,Vegetarian",
      "strYoutube": "",
      "ingredients": [
        {
          "strIngredient": "Rapeseed Oil",
          "strMeasure": "1"
        },
        {
          "strIngredient": "Onion",
          "strMeasure": "1"
        },
        {
          "strIngredient": "Garlic",
          "strMeasure": "3 cloves"
        },
        {
          "strIngredient": "Paprika",
          "strMeasure": "1 tsp"
        },
        {
          "strIngredient": "Cumin",
          "strMeasure": "3 Medium"
        },
        {
          "strIngredient": "Thyme",
          "strMeasure": "3 Medium"
        },
        {
          "strIngredient": "Carrots",
          "strMeasure": "1"
        },
        {
          "strIngredient": "Celery",
          "strMeasure": "2 small stalks"
        },
        {
          "strIngredient": "Red Pepper",
          "strMeasure": "1"
        },
        {
          "strIngredient": "Yellow Pepper",
          "strMeasure": "1"
        },
        {
          "strIngredient": "Tomato",
          "strMeasure": "2 sliced"
        },
        {
          "strIngredient": "Vegetable Stock Cube",
          "strMeasure": "2 x 400g tins"
        },
        {
          "strIngredient": "Courgettes",
          "strMeasure": "1"
        },
        {
          "strIngredient": "Thyme",
          "strMeasure": "1"
        },
        {
          "strIngredient": "Lentils",
          "strMeasure": "1"
        }
      ]
    },
    {
      "id": "6",
      "strMeal": "Basmati Rice",
      "strDrinkAlternate": null,
      "strCategory": "Vegetarian",
      "strArea": "Indian",
      "strInstructions": "Basmati is a variety of long, slender-grained aromatic rice which is traditionally from the Indian subcontinent. As of 2018-19, India exported to over 90% of the overseas basmati rice market, while Pakistan accounted for the remainder, according to the Indian state-run Agricultural and Processed Food Products Export Development Authority  and the Pakistan government-run Economic Survey of Pakistan. Many countries use domestically grown basmati rice crops; however, basmati is geographically exclusive to select districts of India, Pakistan, Nepal and Bangladesh.",
      "strMealThumb": "",
      "strTags": "Rice,Vegetarian",
      "strYoutube": "",
      "ingredients": [
        {
          "strIngredient": "Rapeseed Oil",
          "strMeasure": "1"
        },
        {
          "strIngredient": "Onion",
          "strMeasure": "1"
        },
        {
          "strIngredient": "Garlic",
          "strMeasure": "3 cloves"
        },
        {
          "strIngredient": "Paprika",
          "strMeasure": "1 tsp"
        },
        {
          "strIngredient": "Cumin",
          "strMeasure": "3 Medium"
        },
        {
          "strIngredient": "Thyme",
          "strMeasure": "3 Medium"
        },
        {
          "strIngredient": "Carrots",
          "strMeasure": "1"
        },
        {
          "strIngredient": "Celery",
          "strMeasure": "2 small stalks"
        },
        {
          "strIngredient": "Red Pepper",
          "strMeasure": "1"
        },
        {
          "strIngredient": "Yellow Pepper",
          "strMeasure": "1"
        },
        {
          "strIngredient": "Tomato",
          "strMeasure": "2 sliced"
        },
        {
          "strIngredient": "Vegetable Stock Cube",
          "strMeasure": "2 x 400g tins"
        },
        {
          "strIngredient": "Courgettes",
          "strMeasure": "1"
        },
        {
          "strIngredient": "Thyme",
          "strMeasure": "1"
        },
        {
          "strIngredient": "Lentils",
          "strMeasure": "1"
        }
      ]
    }
  ]
}