{
  "courseList": [
    {
      "courseId": "1001",
      "id": 1,
      "title": "jQuery UI Development",
      "fee": "8000",
      "description": "Become an expert in jQuery UI by mastering concepts like jQuery Traversing, jQuery Events and effects, AJAX using jQuery, UI Widgets and jQuery Mobile."
    },
    {
      "courseId": "1002",
      "id": 2,
      "title": "Node JS Certification Training Course",
      "fee": "10000",
      "description": "React Certification Training will train you to build efficient React applications by mastering the concepts of React, Redux, and React Native. In this React Course, you will learn how to build simple components & integrate them into more complex design components."
    },
    {
      "courseId": "1003",
      "id": 3,
      "title": "Angular JS Certification Training Course",
      "fee": "17000",
      "description": "Angular Certification course will train you to develop efficient Angular applications by mastering the concepts of Angular 12. After completing this Angular training online , you will be able to build dynamic, responsive, and interactive web applications using Angular concepts such as Angular Modules, Components, Databinding, Angular Forms, Angular Directives and Pipes, Services and Dependency Injection (DI), Routing, Communication with backend services over HTTP protocol, Authentication with JWT, and Application Deployment."
    },
    {
      "courseId": "1004",
      "id": 4,
      "title": "Mongo DB Certification Training Course",
      "fee": "12000",
      "description": "MongoDB is a distributed database at its core, so high availability, horizontal scaling, and geographic distribution are built-in and easy to use. This MongoDB certification training will help you master the leading document-oriented NoSQL database, MongoDB Architecture, CRUD, Schema Design, Data Modelling, and Indexing using real-life case studies. Edureka’s best MongoDB course allows you to work on real-time projects that help in building your career."
    }
  ],
  "enquiries": [
    {
      "firstName": "Prabhat",
      "lastName": "Sinha",
      "phoneNumber": "9453454535",
      "courseName": "JavaScript",
      "email": "prabhat.sinhader@yopmail.com",
      "id": 1
    },
    {
      "firstName": "Raj",
      "lastName": "Singh",
      "phoneNumber": "7453454547",
      "courseName": "Node js",
      "email": "raj.sen@yopmail.com",
      "id": 2
    },
    {
      "firstName": "sonu",
      "lastName": "k",
      "phoneNumber": "9454754523",
      "courseName": "Reactjs",
      "email": "sonu.k@yopmail.com",
      "id": 3
    },
    {
      "firstName": "Sara",
      "lastName": "Sen",
      "phoneNumber": "9454754534",
      "courseName": "Mongo DB",
      "email": "sana.sen@yopmail.com",
      "id": 4
    }
  ]
}